[{"id":1,"name":"Leo","ReleaseYear":2023,"duration":120,"Description":"Action"},{"id":2,"name":"Pushpa","ReleaseYear":2021,"duration":150,"Description":"Action"},{"id":3,"name":"Baipan Bhari Deva","ReleaseYear":2023,"duration":120,"Description":"Family-drama"},{"id":4,"name":"Sairat","ReleaseYear":2016,"duration":120,"Description":"Romantic"},{"id":5,"name":"Drishyam-2","ReleaseYear":2022,"duration":150,"Description":"Thriller"},{"id":6,"name":"Tumbad","ReleaseYear":2019,"duration":150,"Description":"Horror-Thriller"},{"id":7,"name":"Jumanji 3 ","ReleaseYear":2020,"duration":180,"Description":"Adventure"}]